node-red-contrib-airtable,3
node-red-contrib-amazon-echo,16
node-red-contrib-aws,10
node-red-contrib-bear,1
node-red-contrib-blink,4
node-red-contrib-ccu,4
node-red-contrib-chatbase,1
node-red-contrib-credentials,0
node-red-contrib-deconz,12
node-red-contrib-dialogflow,11
node-red-contrib-directline,6
node-red-contrib-ethjs,2
node-red-contrib-facebook,4
node-red-contrib-ffmpeg,7
node-red-contrib-file,3
node-red-contrib-file-operation,3
node-red-contrib-google-actions,3
node-red-contrib-google-authentication,0
node-red-contrib-google-maps,3
node-red-contrib-google-smarthome,14
node-red-contrib-google-speech,2
node-red-contrib-google-youtube,2
node-red-contrib-help,12
node-red-contrib-huemagic,0
node-red-contrib-iadvize,3
node-red-contrib-inbenta,4
node-red-contrib-jimp,14
node-red-contrib-lgtv,8
node-red-contrib-loop,1
node-red-contrib-loxone,2
node-red-contrib-modbus,13
node-red-contrib-mongodb,0
node-red-contrib-ms-authentication,0
node-red-contrib-ms-decision,1
node-red-contrib-ms-graph,19
node-red-contrib-ms-language,2
node-red-contrib-ms-search,2
node-red-contrib-ms-speech,10
node-red-contrib-ms-vision,6
node-red-contrib-mustache,1
node-red-contrib-nedb,0
node-red-contrib-nlp-js,13
node-red-contrib-nosql,2
node-red-contrib-onvif-nodes,3
node-red-contrib-qrcode,1
node-red-contrib-random,1
node-red-contrib-recast,1
node-red-contrib-repeat,1
node-red-contrib-salesforce,1
node-red-contrib-sarah,2
node-red-contrib-sensit,1
node-red-contrib-soap,3
node-red-contrib-socketio,2
node-red-contrib-sox,7
node-red-contrib-sun-position,9
node-red-contrib-tokenizer,1
node-red-contrib-trello,2
node-red-contrib-ui-svg,5
node-red-contrib-wechat,2
node-red-contrib-zendesk,8
node-red-node-watson,13
